Title,Company,Location,Source,Primary Domain,Subdomain,Base Match %,Domain Boost %,Final Match %,Apply Link
"Machine Learning Engineer, Data and Analytics","Keysight Technologies, Inc.","Bengaluru, Karnataka, India",Keysight Careers,Data Science,Ml Engineer,56.62,50.0,100.0,https://www.google.com/search?ibp=htl;jobs&q=Machine+Learning+Engineer+Python+Bangalore+jobs&htidocid=jhsG6xIdx1pGsy9SAAAAAA%3D%3D&hl=en-US&shndl=37&shmd=H4sIAAAAAAAA_xWOMQrCQBBFsc0RrKaWmIhgEytFEY129mGyGXZX15mQWSE5nVdz03x4_Fe87LfITg80zjPBnXBgzxbObBPTkMMJIwJyBwfGMEVvFNZwkxY0ucaBMFxEbKDl3sXYa1WWqqGwGjHJhZFPKUytjOVLWp2nUYcD9QEjNdvdZix6tquqpkm9dRGeZBxLEOtJc7iyKcAzHIkthu_wzaFOjSnqjfPbefwDlZGe9MIAAAA&shmds=v1_AdeF8KgQe2820NIq34iEvJKdYfmzjUAyH8S4VvhhVzXxVhrKMA&source=sh/x/job/li/m1/1#fpstate=tldetail&htivrt=jobs&htiq=Machine+Learning+Engineer+Python+Bangalore+jobs&htidocid=jhsG6xIdx1pGsy9SAAAAAA%3D%3D
Atlas Systems - Senior Machine Learning Engineer - Deep Learning/Python,Atlas Systems,"Bengaluru, Karnataka, India",LinkedIn,Data Science,Ml Engineer,53.56,50.0,100.0,https://www.google.com/search?ibp=htl;jobs&q=Machine+Learning+Engineer+Python+Bangalore+jobs&htidocid=SQPMPnepdmJCEK29AAAAAA%3D%3D&hl=en-US&shndl=37&shmd=H4sIAAAAAAAA_1WOsWrDQBBESatPSLV1UHQmkCaubGxM4gQC6mNW8nJ39mlX3K5A-sb8VM5NwM3AmxmYqX4fqp-NJVRoFzUaFJ6hJY6S4Qv7EJngkzBzZA979oUpl8qOaPwP3PdiQbjYH9KBFrcPUPgg4hM9roPZqG_OqabGq6HFvullcMLUyewu0ulNThow05jQ6PTyupqbkf1TfX8uMmyJPaYpTzUcyz4aXrGGdz5H_AODLFlpzgAAAA&shmds=v1_AdeF8KgfESMcB0wKWhJ70Nf361P-wTvZa0SbGAP0xN71ztEh4w&source=sh/x/job/li/m1/1#fpstate=tldetail&htivrt=jobs&htiq=Machine+Learning+Engineer+Python+Bangalore+jobs&htidocid=SQPMPnepdmJCEK29AAAAAA%3D%3D
"Machine Learning Engineer, AVP",NatWest Digital X,"Bengaluru, Karnataka, India",NatWest Group Careers,Data Science,Ml Engineer,51.04,50.0,100.0,https://www.google.com/search?ibp=htl;jobs&q=Machine+Learning+Engineer+Python+Bangalore+jobs&htidocid=_X85rEKwKqh5npmNAAAAAA%3D%3D&hl=en-US&shndl=37&shmd=H4sIAAAAAAAA_xWOuwrCQBAAsc0nWG0tMReENFopivjESu1kE5e703Mv3G4gX-R3GpuBYZrJvqOsOmHjPBMcCRN7trBhOzilHJbXC0xhH2uQITYOIsM2RhtovHCqrcyNEQmFFUX1TdHEj4lMdezNK9byx0McJmoDKj1mVdkXLdtJeUa9kSisvfWKAe7gGVbEFkOXuhwOwwoqvjGHHT89_gCL4uRpqQAAAA&shmds=v1_AdeF8Kg6aTkBy8VcqMqoP6NR01wwEVratORpgUahYQoXHh8zbQ&source=sh/x/job/li/m1/1#fpstate=tldetail&htivrt=jobs&htiq=Machine+Learning+Engineer+Python+Bangalore+jobs&htidocid=_X85rEKwKqh5npmNAAAAAA%3D%3D
Machine Learning Engineer - Deep Learning/Computer Vision,Risk Resources LLP,"Hyderabad, Telangana, India (+1 other)",Hirist,Data Science,Ml Engineer,51.01,50.0,100.0,https://www.google.com/search?ibp=htl;jobs&q=Machine+Learning+Engineer+Python+Bangalore+jobs&htidocid=wtbbZJ_sKKX4wt5ZAAAAAA%3D%3D&hl=en-US&shndl=37&shmd=H4sIAAAAAAAA_z3JPQoCMRBAYWw9gtXUohsVbLRU8YcVRMRWZrNDNro7EzIR9HqezNjYPHh8_U-vfzqibTwTlISRPTvYsMtPEcawJgp_MCvpwjNluHr1wtkPUoFmtg3k34q4lgbLJqWgC2NU28JpwuRtYaUzwlTJy9yl0l9u2mCk0GKi22w-eRWB3XB69vqAM6k8oyWFsjyBZ9i9a4pYYT2CC7XIDhlHsOfa4xelRRT9xQAAAA&shmds=v1_AdeF8KipnGtMI6HMOu6Bep3WIncA1Rnfz6e_ThJ6WB6wA7hFCA&source=sh/x/job/li/m1/1#fpstate=tldetail&htivrt=jobs&htiq=Machine+Learning+Engineer+Python+Bangalore+jobs&htidocid=wtbbZJ_sKKX4wt5ZAAAAAA%3D%3D
Python Developer - AI / ML,Mphasis,"Bengaluru, Karnataka, India",Instahyre,Data Science,Ml Engineer,55.33,50.0,100.0,https://www.google.com/search?ibp=htl;jobs&q=Machine+Learning+Engineer+Python+Bangalore+jobs&htidocid=CGVw8zpioy5zeI0nAAAAAA%3D%3D&hl=en-US&shndl=37&shmd=H4sIAAAAAAAA_xXKsQrCMBCAYVz7CE43OUhNVHDRSRGkasE3KNd6JNGYC7lU6pv4uNbl5xv-4jspVrdPthzgSG_yHCnBAvYVaKivo87cghCmzsL4nJiNp-nO5hxlq7WIV0YyZtepjl-aA7U86Ae38k8jFhNFj5ma9WY5qBjMfFZHi-IEXIADBYO-T30JF0wBMz6xhCrcHf4Aw-URTpsAAAA&shmds=v1_AdeF8KjiwooTmnJj1IbS7b4O62SSdVGC1cNKJLo9NYlXs3AJ3w&source=sh/x/job/li/m1/1#fpstate=tldetail&htivrt=jobs&htiq=Machine+Learning+Engineer+Python+Bangalore+jobs&htidocid=CGVw8zpioy5zeI0nAAAAAA%3D%3D
"GenAI, AI/ML, Data Scientist || Python , API || 2- 10 Years ||Gurgaon/Pune/Bengaluru",Innova ESI,"Bengaluru, Karnataka, India",LinkedIn,Data Science,Ml Engineer,63.19,50.0,100.0,https://www.google.com/search?ibp=htl;jobs&q=Machine+Learning+Engineer+Python+Bangalore+jobs&htidocid=2E4U8TiZ5nPpo_gAAAAAAA%3D%3D&hl=en-US&shndl=37&shmd=H4sIAAAAAAAA_z2OQWvCQBCF6dWf0NNcKzGrgpf2ZFHCthYCnjzJJB02W9OZsDMRBf9m_4_rpZcHH3yP9yZ_T5NTRbz2Bay9-9oVsEFD2LeR2KIa3G5QX60ThmzU_sHLGSzmcCBMmrEaU0BhV49M7p04YD-mEWbwIQ1oltoOcrsSCT09v3Vmg746p9qXQQ0ttmUrv06YGrm4H2n0EUftMNHQo9FxuZpfyoHD9MUzyxlhu_cQGf7HCvjExPn3CQvw_B3xDjNdiMHYAAAA&shmds=v1_AdeF8KhKxkWrO0a3He-4_tRAjmTx_PycD3XVXKScLLczQQ3Hjg&source=sh/x/job/li/m1/1#fpstate=tldetail&htivrt=jobs&htiq=Machine+Learning+Engineer+Python+Bangalore+jobs&htidocid=2E4U8TiZ5nPpo_gAAAAAAA%3D%3D
ML Engineer II - Applied AI,Uber,"Bengaluru, Karnataka, India",Uber,Data Science,Ml Engineer,57.1,50.0,100.0,https://www.google.com/search?ibp=htl;jobs&q=Machine+Learning+Engineer+Python+Bangalore+jobs&htidocid=75zem_tk1v_fxmEhAAAAAA%3D%3D&hl=en-US&shndl=37&shmd=H4sIAAAAAAAA_xXNvwrCMBCAcVz7CE4HblIbKbjoVEGk_hmdy6U90mi8C7kUfBKfV7t88Ju-4rso6vsNTuw8EyVoW9hAE2PwNEAz4yIWlDD1IwjDWcQFWh7GnKPujVENldOM2fdVL28jTFY-5ilW53Q6YqIYMFNX77afKrJbrx72f_IMR2KHYUpTCVdMjBlfWELLg8cfNrKN3ZkAAAA&shmds=v1_AdeF8KgE8q9TRXrM55IirjtSGldkCbZnKzopEWgHlnCcfdcELQ&source=sh/x/job/li/m1/1#fpstate=tldetail&htivrt=jobs&htiq=Machine+Learning+Engineer+Python+Bangalore+jobs&htidocid=75zem_tk1v_fxmEhAAAAAA%3D%3D
AI/ML Engineer - Python,iAI Solution,"Bengaluru, Karnataka, India",LinkedIn,Data Science,Ml Engineer,54.89,50.0,100.0,https://www.google.com/search?ibp=htl;jobs&q=Machine+Learning+Engineer+Python+Bangalore+jobs&htidocid=iXWrYvxCWbZ7uC9EAAAAAA%3D%3D&hl=en-US&shndl=37&shmd=H4sIAAAAAAAA_xWMSwrCMBBAcdsjuJq1n0QEN7qqIFI_IHiAMq1DEo0zJZlCvYqntW4e721e8Z0Upqzs9QIHdoGJEizh9lEvPMpJGsiEqfUw9lHERZruvGqXt9bmHI3Lihpa08rbClMjg31Kk_-os8dEXUSler1ZDaZjN5uHsoK7xF7DeAwMe2KHsU_9As6YGBVfuICKHwF_WpgqOp0AAAA&shmds=v1_AdeF8KhUBFRvvztY8h2kDGMEYFvGTFfl93638tXVfH9picxpwg&source=sh/x/job/li/m1/1#fpstate=tldetail&htivrt=jobs&htiq=Machine+Learning+Engineer+Python+Bangalore+jobs&htidocid=iXWrYvxCWbZ7uC9EAAAAAA%3D%3D
Machine Learning Engineer - AI Foundation - Image domain,Adobe,"Noida, Uttar Pradesh, India (+1 other)",Adobe Careers,Data Science,Ml Engineer,49.86,50.0,99.86,https://www.google.com/search?ibp=htl;jobs&q=Machine+Learning+Engineer+Python+Bangalore+jobs&htidocid=05MWOcsTo_j2cTFJAAAAAA%3D%3D&hl=en-US&shndl=37&shmd=H4sIAAAAAAAA_xWMvQrCMBRGce0jON3BSWojgotOHVQq_i3O5aa5JJH23pJE6IP5gKbLB4ePc4rfonjesXOeCW6EgT1bOLHNTAE2UDdwli8bTF44czOgJTAyoJ_xKhpi1joH-b6I2J6WR5fSGA9KxdhXNqbsdlUngxImLZP6iI7ztNFhoLHHRO1uv52qke16VRvRBLn-EG-whHdKGOAV0FB0JTRsPP4BjzA4y7cAAAA&shmds=v1_AdeF8KhWc9fCJm8g9UzJvFv7Ca3hICzmU6aKrsXpV_LUtuEI7w&source=sh/x/job/li/m1/1#fpstate=tldetail&htivrt=jobs&htiq=Machine+Learning+Engineer+Python+Bangalore+jobs&htidocid=05MWOcsTo_j2cTFJAAAAAA%3D%3D
Machine Learning Engineer - Python,Qcentrio,"Bengaluru, Karnataka, India",Foundit,Data Science,Ml Engineer,46.36,50.0,96.36,https://www.google.com/search?ibp=htl;jobs&q=Machine+Learning+Engineer+Python+Bangalore+jobs&htidocid=nrrnzsX7ArKG4l5pAAAAAA%3D%3D&hl=en-US&shndl=37&shmd=H4sIAAAAAAAA_xWOPQoCMRBGsd0jWE0niG5EsFA7QcQ_0BMss3FIonFmSWZhPY43NTaP78FXvOo7qtZXtD4wwYUwcWAHe3bFKcEcbh_1wmWcpIVcDtZD8YOIizTeetUub4zJOdYuK2qwtZW3EaZWBvOUNv_RZI-JuohKzXK1GOqO3XRyt8SagkBg2BE7jH3qZ3AuFaj4whkc-RHwB7mVz_akAAAA&shmds=v1_AdeF8Kjk1PmpoOymLY7rlNsJ3LfRvUCT66jL6oVYDJ2Ng3h0fw&source=sh/x/job/li/m1/1#fpstate=tldetail&htivrt=jobs&htiq=Machine+Learning+Engineer+Python+Bangalore+jobs&htidocid=nrrnzsX7ArKG4l5pAAAAAA%3D%3D
